,model_name,RMSE,PICP,PIAW,PINAW,CWC
0,ARIMA,5.860661939126852,0.915,19.58260998622803,0.20228124359911184,0.7923522870051907
