,model_name,RMSE,PICP,PIAW,PINAW,CWC
0,Linear CQR,8.045550560617365,0.8566666666666667,36.97309112548828,0.3819185929672718,0.584225385259987
1,Linear ACI,8.045550560617365,0.9966666666666667,57.04929733276367,0.5892985061257274,0.310298061733812
2,Linear EnbPI,7.437893959647388,0.945,28.188698495229087,0.29117900990038925,0.6670419999834252
3,Linear EnCQR,8.212837788384084,1.0,91.28944365012181,0.9429867725499548,0.042236437714864586
