,model_name,RMSE,PICP,PIAW,PINAW,CWC
0,NN CQR,6.979762342271508,0.9516666666666667,29.465593338012695,0.30436886952202347,0.6420949574569552
1,NN ACI,6.979762342271508,0.9983333333333333,47.995018005371094,0.49577109157134697,0.37726468186359796
2,NN EnbPI,7.02342466226819,0.9483333333333334,28.02689567565918,0.2895076455836071,0.6624034777583823
3,NN EnCQR,7.40548140599347,1.0,56.83559336295645,0.5870910217911535,0.30589049454018397
