,model_name,RMSE,PICP,PIAW,PINAW,CWC
0,Forest CQR,6.394751539136309,0.9166666666666666,22.54231834411621,0.23285395519094526,0.7607797242799407
1,Forest ACI,6.394751539136309,0.9983333333333333,37.845703125,0.3909323577598544,0.45570514986776756
2,Forest EnbPI,6.373312790457556,0.9516666666666667,24.865709705352785,0.25685374348519674,0.68595329198867
3,Forest EnCQR,6.365509267285257,0.96,107.58775519229192,1.1113424069436602,-0.09994401712561705
