,model_name,RMSE,PICP,PIAW,PINAW,CWC
0,Forest CQR,6.475906352307691,0.9116666666666666,22.2326602935791,0.22965530007821133,0.7672055392119848
1,Forest ACI,6.475906352307691,0.9933333333333333,37.673892974853516,0.38915762135551285,0.4703634152228593
2,Forest EnbPI,6.34255260127971,0.955,25.061962890625,0.25888096755824264,0.676823987351703
3,Forest EnCQR,6.35160125936299,0.9716666666666667,106.35919565131847,1.09865183342162,-0.08456440928609606
