,model_name,RMSE,PICP,PIAW,PINAW,CWC
0,Forest CQR,6.3783366239214905,0.9166666666666666,22.239994049072266,0.22973105510690528,0.7638767083300652
1,Forest ACI,6.3783366239214905,0.9966666666666667,37.92485809326172,0.39174999981207775,0.45955225126520094
2,Forest EnbPI,6.345630097491543,0.9533333333333334,24.940415331522622,0.2576254254507832,0.6816529108400001
3,Forest EnCQR,6.42350837837903,0.9566666666666667,106.95061547062889,1.1047609851957405,-0.09513986676318016
