,model_name,RMSE,PICP,PIAW,PINAW,CWC
0,NN CQR,7.0171868406259215,0.9683333333333334,41.30735778808594,0.42668999224535664,0.4983702440938776
1,NN ACI,7.0171868406259215,0.995,58.88642501831055,0.6082753673890692,0.2988103601302965
2,NN EnbPI,7.106059439261197,0.9516666666666667,28.238596776326496,0.2916944410079352,0.6537939546423642
3,NN EnCQR,7.160857843516095,1.0,58.899362363987116,0.6084090054676587,0.29009774380443343
