,model_name,RMSE,PICP,PIAW,PINAW,CWC
0,NN CQR,7.120784268324239,0.9433333333333334,31.754955291748047,0.3280171464052256,0.6351743266542305
1,NN ACI,7.120784268324239,0.9966666666666667,49.917381286621094,0.5156284055582973,0.36595816951225263
2,NN EnbPI,7.025387856880972,0.9483333333333334,28.277216669718424,0.29209337046976275,0.6599927647556746
3,NN EnCQR,7.103058699662473,1.0,62.442480409627045,0.6450081270859999,0.26298444764862017
