,model_name,RMSE,PICP,PIAW,PINAW,CWC
0,ARIMA,663.3398046015391,0.9396551724137931,2393.4335163342607,0.72445397666944,0.262848727870054
