,model_name,RMSE,PICP,PIAW,PINAW,CWC
0,ARIMA,49.22972377317192,0.8694029850746269,141.37444532331463,0.06989151558457665,0.9043495080151567
