,model_name,RMSE,PICP,PIAW,PINAW,CWC
0,NN CQR,50.72911077200389,0.8407960199004975,137.42576599121094,0.0679394005297867,0.8390283496234049
1,NN ACI,50.72911077200389,0.9825870646766169,672.1694946289062,0.3323015315950154,0.544146210185326
2,NN EnbPI,49.41289811182885,0.9154228855721394,168.9736953659437,0.0835358019339635,0.9099476230603433
3,NN EnCQR,49.001251210133915,1.0,1072.219648032182,0.5300749797401472,0.34812901736272445
