,model_name,RMSE,PICP,PIAW,PINAW,CWC
1,NN ACI,9.859351444623815,0.9966887417218543,187.61842,0.39697520939002606,0.45554610259156103
