,model_name,RMSE,PICP,PIAW,PINAW,CWC
1,Forest ACI,9.835756398575514,0.9817880794701986,177.62108,0.37582217953368663,0.5106868570560488
