,model_name,RMSE,PICP,PIAW,PINAW,CWC
1,Linear ACI,9.989640779548573,0.9817880794701986,188.2807,0.39837649842070544,0.49223347110131166
