,model_name,RMSE,PICP,PIAW,PINAW,CWC
0,ARIMA,1.6062663927871388,0.9006849315068494,5.288756075573939,0.18706211199779207,0.8129264468476656
