,model_name,RMSE,PICP,PIAW,PINAW,CWC
0,Forest CQR,1.6798898929879076,0.9006849315068494,5.929182052612305,0.20971383465831303,0.7902750429837753
1,Forest ACI,1.6798898929879076,0.9965753424657534,16.28002166748047,0.5758207020652256,0.3206506892597401
2,Forest EnbPI,1.7278718220542029,0.9246575342465754,6.507073843315856,0.23015373722339041,0.7559316910384546
3,Forest EnCQR,1.8607197305076633,1.0,30.294624298575286,1.0715140427148815,-0.05297890587779488
