,model_name,RMSE,PICP,PIAW,PINAW,CWC
0,ARIMA,9.864323435406526,0.7864238410596026,21.605640124646932,0.045714612425726664,0.6480555763996362
