,model_name,RMSE,PICP,PIAW,PINAW,CWC
0,NN CQR,11.106854626002935,0.9304635761589404,41.17695236206055,0.08712486217692979,0.8878104178130726
1,NN ACI,11.106854626002935,0.9933774834437086,187.59532165527344,0.39692632909160314,0.46426649536516873
2,NN EnbPI,9.839296565596422,0.8526490066225165,26.077445933360927,0.055176348722781376,0.8833617507538126
3,NN EnCQR,9.946206466841213,1.0,195.34519928008837,0.4133240220051805,0.4346202541348289
