,model_name,RMSE,PICP,PIAW,PINAW,CWC
1,Forest ACI,48.914029816497845,0.9701492537313433,601.3651,0.297297853388871,0.6062579642217747
