,model_name,RMSE,PICP,PIAW,PINAW,CWC
1,NN ACI,49.13814880407525,0.9713930348258707,640.7535,0.31677034460688236,0.5863530517143972
