,model_name,RMSE,PICP,PIAW,PINAW,CWC
1,Linear ACI,49.04794873288448,0.9713930348258707,606.2063,0.29969119868247673,0.6010105087706028
