,model_name,RMSE,PICP,PIAW,PINAW,CWC
1,Forest ACI,6.34928661162777,0.98,38.38881,0.3965424461578853,0.4980376640290866
