,model_name,RMSE,PICP,PIAW,PINAW,CWC
1,NN ACI,10.375187685177085,0.975,50.97718,0.5265757460377521,0.39991096279453187
