,model_name,RMSE,PICP,PIAW,PINAW,CWC
1,Linear ACI,8.045550560617365,0.9516666666666667,53.403027,0.5516338545433866,0.4138596282979572
